speciesCode,comName,sciName,locId,locName,obsDt,howMany,lat,lng,obsValid,obsReviewed,locationPrivate,subId,exoticCategory
normoc,Northern Mockingbird,Mimus polyglottos,L61035426,Joe Holland Chevrolet Service,2026-03-26 01:55,1.0,38.3711187,-81.698139,True,False,True,S313179497,
brdowl,Barred Owl,Strix varia,L20392078,"Corley Woods, Lexington",2026-03-26 01:34,1.0,33.98166,-81.2107767,True,False,True,S313177861,
blujay,Blue Jay,Cyanocitta cristata,L56595213,The Tokarczyk's,2026-03-26 00:46,2.0,47.0854586,-91.602981,True,False,True,S313179096,
comrav,Common Raven,Corvus corax,L56595213,The Tokarczyk's,2026-03-26 00:46,3.0,47.0854586,-91.602981,True,False,True,S313179096,
pilwoo,Pileated Woodpecker,Dryocopus pileatus,L56595213,The Tokarczyk's,2026-03-26 00:46,3.0,47.0854586,-91.602981,True,False,True,S313179096,
amecro,American Crow,Corvus brachyrhynchos,L56595213,The Tokarczyk's,2026-03-26 00:46,2.0,47.0854586,-91.602981,True,False,True,S313179096,
amerob,American Robin,Turdus migratorius,L5660776,US-Wisconsin-Avoca-Hay Road - 43.187x-90.291,2026-03-26 00:13,1.0,43.1870115,-90.2912451,True,False,True,S313039924,
rewbla,Red-winged Blackbird,Agelaius phoeniceus,L5660776,US-Wisconsin-Avoca-Hay Road - 43.187x-90.291,2026-03-26 00:13,9.0,43.1870115,-90.2912451,True,False,True,S313039924,
moudov,Mourning Dove,Zenaida macroura,L5660776,US-Wisconsin-Avoca-Hay Road - 43.187x-90.291,2026-03-26 00:13,1.0,43.1870115,-90.2912451,True,False,True,S313039924,
reshaw,Red-shouldered Hawk,Buteo lineatus,L60046157,TNC,2026-03-25 23:44,1.0,45.101246,-93.038531,True,False,True,S313174786,
wooduc,Wood Duck,Aix sponsa,L231287,ME-Yard-Gardiner,2026-03-25 23:31,1.0,44.2260597,-69.7787393,True,False,True,S313170260,
grhowl,Great Horned Owl,Bubo virginianus,L1168548,Castle Rocks SP--Smoky Mt. Campground,2026-03-25 23:31,2.0,42.07461,-113.65178,True,False,False,S313178217,
easowl1,Eastern Screech-Owl,Megascops asio,L57765449,Carlton Arms Apartments,2026-03-25 23:30,1.0,28.6023541,-81.3109437,True,False,True,S313173913,
y00475,American Coot,Fulica americana,L5631262,US-Wisconsin-Lone Rock-12797 Laudon Road - 43.176x-90.164,2026-03-25 23:29,50.0,43.1761357,-90.1643923,True,False,True,S313040293,
norsho,Northern Shoveler,Spatula clypeata,L5631262,US-Wisconsin-Lone Rock-12797 Laudon Road - 43.176x-90.164,2026-03-25 23:29,4.0,43.1761357,-90.1643923,True,False,True,S313040293,
comgra,Common Grackle,Quiscalus quiscula,L5631262,US-Wisconsin-Lone Rock-12797 Laudon Road - 43.176x-90.164,2026-03-25 23:29,1.0,43.1761357,-90.1643923,True,False,True,S313040293,
cangoo,Canada Goose,Branta canadensis,L5631262,US-Wisconsin-Lone Rock-12797 Laudon Road - 43.176x-90.164,2026-03-25 23:29,40.0,43.1761357,-90.1643923,True,False,True,S313040293,
pibgre,Pied-billed Grebe,Podilymbus podiceps,L5631262,US-Wisconsin-Lone Rock-12797 Laudon Road - 43.176x-90.164,2026-03-25 23:29,1.0,43.1761357,-90.1643923,True,False,True,S313040293,
mallar3,Mallard,Anas platyrhynchos,L390790,St. Vrain SP,2026-03-25 23:26,1.0,40.1679295,-104.9888563,True,False,False,S313179505,
killde,Killdeer,Charadrius vociferus,L390790,St. Vrain SP,2026-03-25 23:26,2.0,40.1679295,-104.9888563,True,False,False,S313179505,
bewwre,Bewick's Wren,Thryomanes bewickii,L39386387,Kathleen’s Resort,2026-03-25 22:57,1.0,32.960245,-97.111458,True,False,True,S313173189,
rebwoo,Red-bellied Woodpecker,Melanerpes carolinus,L39386387,Kathleen’s Resort,2026-03-25 22:57,1.0,32.960245,-97.111458,True,False,True,S313173189,
carwre,Carolina Wren,Thryothorus ludovicianus,L39386387,Kathleen’s Resort,2026-03-25 22:57,1.0,32.960245,-97.111458,True,False,True,S313173189,
tuftit,Tufted Titmouse,Baeolophus bicolor,L39386387,Kathleen’s Resort,2026-03-25 22:57,1.0,32.960245,-97.111458,True,False,True,S313173189,
baleag,Bald Eagle,Haliaeetus leucocephalus,L39386387,Kathleen’s Resort,2026-03-25 22:57,1.0,32.960245,-97.111458,True,False,True,S313173189,
norcar,Northern Cardinal,Cardinalis cardinalis,L39386387,Kathleen’s Resort,2026-03-25 22:57,1.0,32.960245,-97.111458,True,False,True,S313173189,
belkin1,Belted Kingfisher,Megaceryle alcyon,L39386387,Kathleen’s Resort,2026-03-25 22:57,1.0,32.960245,-97.111458,True,False,True,S313173189,
amwpel,American White Pelican,Pelecanus erythrorhynchos,L5660208,"US-Wisconsin-Spring Green - 43.179x-90.139 - Apr 6, 2017 8:22 AM",2026-03-25 22:30,11.0,43.1786753,-90.1389364,True,False,True,S313041025,
yerwar,Yellow-rumped Warbler,Setophaga coronata,L12645672,FWB Sports Complex,2026-03-25 22:27,1.0,30.414782,-86.622736,True,False,False,S313170894,
sctfly,Scissor-tailed Flycatcher,Tyrannus forficatus,L61034694,Camp site,2026-03-25 22:26,1.0,31.4736,-100.500729,True,False,True,S313175898,
easblu,Eastern Bluebird,Sialia sialis,L61032204,Home,2026-03-25 22:20,2.0,35.115623,-85.288575,True,False,True,S313164792,
sonspa,Song Sparrow,Melospiza melodia,L679376,Lower Wisconsin SR--Helena Unit,2026-03-25 22:17,1.0,43.1666212,-90.036757,True,False,False,S313041225,
amecro,American Crow,Corvus brachyrhynchos,L15302125,Calgary--Walden Community Ponds,2026-03-25 22:16,1.0,50.869128,-114.0256539,True,False,False,S313173190,
bkbmag1,Black-billed Magpie,Pica hudsonia,L15302125,Calgary--Walden Community Ponds,2026-03-25 22:16,1.0,50.869128,-114.0256539,True,False,False,S313173190,
amerob,American Robin,Turdus migratorius,L15302125,Calgary--Walden Community Ponds,2026-03-25 22:16,1.0,50.869128,-114.0256539,True,False,False,S313173190,
cedwax,Cedar Waxwing,Bombycilla cedrorum,L61033172,"Interstate 80, Gothenburg, Nebraska, US (40.989, -100.314)",2026-03-25 22:12,50.0,40.98924,-100.3144021,True,False,True,S313169281,
wiltur,Wild Turkey,Meleagris gallopavo,L61033172,"Interstate 80, Gothenburg, Nebraska, US (40.989, -100.314)",2026-03-25 22:12,11.0,40.98924,-100.3144021,True,False,True,S313169281,
sancra,Sandhill Crane,Antigone canadensis,L61033172,"Interstate 80, Gothenburg, Nebraska, US (40.989, -100.314)",2026-03-25 22:12,100000.0,40.98924,-100.3144021,True,False,True,S313169281,
cangoo,Canada Goose,Branta canadensis,L26180655,Oak Cres,2026-03-25 22:09,50.0,49.531019,-96.678155,True,False,True,S313168728,
rethaw,Red-tailed Hawk,Buteo jamaicensis,L26180655,Oak Cres,2026-03-25 22:09,1.0,49.531019,-96.678155,True,False,True,S313168728,
houfin,House Finch,Haemorhous mexicanus,L51847081,Home,2026-03-25 21:59,2.0,46.774248,-96.142939,True,False,True,S313168175,N
whbnut,White-breasted Nuthatch,Sitta carolinensis,L51847081,Home,2026-03-25 21:59,3.0,46.774248,-96.142939,True,False,True,S313168175,
amewoo,American Woodcock,Scolopax minor,L61032872,"Heather Drive, Jackson, Wisconsin,",2026-03-25 21:57,2.0,43.3116759,-88.1510447,True,False,True,S313167732,
amegfi,American Goldfinch,Spinus tristis,L43233899,"323 West Main Street, Maple Shade, New Jersey, US (39.955, -75.008)",2026-03-25 21:53,2.0,39.9549238,-75.0080554,True,False,True,S313161766,
bkbmag1,Black-billed Magpie,Pica hudsonia,L36024263,"Boise River, Boise US-ID (43.5615,-116.1224)",2026-03-25 21:37,2.0,43.561544,-116.1224,True,False,True,S313170856,
amekes,American Kestrel,Falco sparverius,L36024263,"Boise River, Boise US-ID (43.5615,-116.1224)",2026-03-25 21:37,1.0,43.561544,-116.1224,True,False,True,S313170856,
turvul,Turkey Vulture,Cathartes aura,L41792061,"1557 Dean Dr, Lansdale US-PA 40.24382, -75.3307",2026-03-25 21:37,,40.243822,-75.330739,True,False,True,S313160096,
norfli,Northern Flicker,Colaptes auratus,L41792061,"1557 Dean Dr, Lansdale US-PA 40.24382, -75.3307",2026-03-25 21:37,,40.243822,-75.330739,True,False,True,S313160096,
calqua,California Quail,Callipepla californica,L36024263,"Boise River, Boise US-ID (43.5615,-116.1224)",2026-03-25 21:37,2.0,43.561544,-116.1224,True,False,True,S313170856,N
rethaw,Red-tailed Hawk,Buteo jamaicensis,L41792061,"1557 Dean Dr, Lansdale US-PA 40.24382, -75.3307",2026-03-25 21:37,,40.243822,-75.330739,True,False,True,S313160096,
daejun,Dark-eyed Junco,Junco hyemalis,L41792061,"1557 Dean Dr, Lansdale US-PA 40.24382, -75.3307",2026-03-25 21:37,,40.243822,-75.330739,True,False,True,S313160096,
whcspa,White-crowned Sparrow,Zonotrichia leucophrys,L36024263,"Boise River, Boise US-ID (43.5615,-116.1224)",2026-03-25 21:37,2.0,43.561544,-116.1224,True,False,True,S313170856,
bnhcow,Brown-headed Cowbird,Molothrus ater,L41792061,"1557 Dean Dr, Lansdale US-PA 40.24382, -75.3307",2026-03-25 21:37,,40.243822,-75.330739,True,False,True,S313160096,
grbher3,Great Blue Heron,Ardea herodias,L248372,Eastwood MetroPark,2026-03-25 21:36,1.0,39.7829568,-84.1329393,True,False,False,S313159364,
pinsis,Pine Siskin,Spinus pinus,L16825396,"1286 Lost Nation Rd, Craftsbury Common US-VT 44.69004, -72.35962",2026-03-25 21:22,1.0,44.690039,-72.359623,True,False,True,S313157610,
ribgul,Ring-billed Gull,Larus delawarensis,L276841,Arena Boat Landing (Iowa Co.),2026-03-25 21:21,1.0,43.186064,-89.9010054,True,False,False,S313042296,
truswa,Trumpeter Swan,Cygnus buccinator,L276841,Arena Boat Landing (Iowa Co.),2026-03-25 21:21,2.0,43.186064,-89.9010054,True,False,False,S313042296,
commer,Common Merganser,Mergus merganser,L276841,Arena Boat Landing (Iowa Co.),2026-03-25 21:21,2.0,43.186064,-89.9010054,True,False,False,S313042296,
blkvul,Black Vulture,Coragyps atratus,L61030320,"1217 79th St S, Saint Petersburg US-FL 27.75781, -82.75183",2026-03-25 21:14,1.0,27.757815,-82.751831,True,False,True,S313156611,
osprey,Osprey,Pandion haliaetus,L61030320,"1217 79th St S, Saint Petersburg US-FL 27.75781, -82.75183",2026-03-25 21:14,1.0,27.757815,-82.751831,True,False,True,S313156611,
ribgul,Ring-billed Gull,Larus delawarensis,L51331017,"Moonglo, Sudbury CA-ON (46.4524,-81.0221)",2026-03-25 21:10,33.0,46.45242,-81.022062,True,False,True,S313160340,
rthhum,Ruby-throated Hummingbird,Archilochus colubris,L61032133,"13324 Rue Maison Blvd, Gonzales US-LA (30.2634,-90.9593)",2026-03-25 21:09,1.0,30.263437,-90.95932,True,False,True,S313164513,
purmar,Purple Martin,Progne subis,L4099609,Wilson College--Fulling Mill Trail,2026-03-25 21:08,1.0,39.9535009,-77.6524278,True,False,False,S313155714,
fiscro,Fish Crow,Corvus ossifragus,L4099609,Wilson College--Fulling Mill Trail,2026-03-25 21:08,1.0,39.9535009,-77.6524278,True,False,False,S313155714,
carchi,Carolina Chickadee,Poecile carolinensis,L4099609,Wilson College--Fulling Mill Trail,2026-03-25 21:08,1.0,39.9535009,-77.6524278,True,False,False,S313155714,
chispa,Chipping Sparrow,Spizella passerina,L40216207,"39452, Lucedale US-MS 30.84583, -88.55187",2026-03-25 21:06,5.0,30.845826,-88.55187,True,False,True,S313165267,
buggna,Blue-gray Gnatcatcher,Polioptila caerulea,L40216207,"39452, Lucedale US-MS 30.84583, -88.55187",2026-03-25 21:06,1.0,30.845826,-88.55187,True,False,True,S313165267,
indbun,Indigo Bunting,Passerina cyanea,L40216207,"39452, Lucedale US-MS 30.84583, -88.55187",2026-03-25 21:06,1.0,30.845826,-88.55187,True,False,True,S313165267,
houwre,Northern House Wren,Troglodytes aedon,L40216207,"39452, Lucedale US-MS 30.84583, -88.55187",2026-03-25 21:06,1.0,30.845826,-88.55187,True,False,True,S313165267,
brdowl,Barred Owl,Strix varia,L53000627,Ferrier Drive,2026-03-25 20:54,1.0,52.3695437,-115.0646706,True,False,True,S313167769,
rehwoo,Red-headed Woodpecker,Melanerpes erythrocephalus,L11839540,St. Augustine Shores,2026-03-25 20:39,2.0,29.8020193,-81.3044727,True,False,False,S313151779,
amewoo,American Woodcock,Scolopax minor,L50497124,"102 French Rd, Digby CA-NS 44.50075, -65.91330",2026-03-25 20:38,1.0,44.50075,-65.913302,True,False,True,S313137082,
rebnut,Red-breasted Nuthatch,Sitta canadensis,L38006990,Grissom Solar Mitigation site VP #1,2026-03-25 20:37,1.0,42.964311,-74.316388,True,False,True,S313150927,
easpho,Eastern Phoebe,Sayornis phoebe,L38006990,Grissom Solar Mitigation site VP #1,2026-03-25 20:37,1.0,42.964311,-74.316388,True,False,True,S313150927,
redcro,Red Crossbill,Loxia curvirostra,L38006990,Grissom Solar Mitigation site VP #1,2026-03-25 20:37,1.0,42.964311,-74.316388,True,False,True,S313150927,
turvul,Turkey Vulture,Cathartes aura,L11140911,Orleans,2026-03-25 20:36,2.0,45.4599594,-75.520471,True,False,True,S313150326,
norcar,Northern Cardinal,Cardinalis cardinalis,L19863214,Parc linéaire de la Falaise St-Jacques,2026-03-25 20:36,1.0,45.460415,-73.620474,True,False,False,S313151123,
daejun,Dark-eyed Junco,Junco hyemalis,L19863214,Parc linéaire de la Falaise St-Jacques,2026-03-25 20:36,2.0,45.460415,-73.620474,True,False,False,S313151123,
whbnut,White-breasted Nuthatch,Sitta carolinensis,L19863214,Parc linéaire de la Falaise St-Jacques,2026-03-25 20:36,2.0,45.460415,-73.620474,True,False,False,S313151123,
amegfi,American Goldfinch,Spinus tristis,L19863214,Parc linéaire de la Falaise St-Jacques,2026-03-25 20:36,5.0,45.460415,-73.620474,True,False,False,S313151123,
houfin,House Finch,Haemorhous mexicanus,L19863214,Parc linéaire de la Falaise St-Jacques,2026-03-25 20:36,5.0,45.460415,-73.620474,True,False,False,S313151123,N
grnher,Green Heron,Butorides virescens,L61029119,Shore Acres,2026-03-25 20:34,1.0,27.821447,-82.604648,True,False,True,S313150933,
bcnher,Black-crowned Night Heron,Nycticorax nycticorax,L61029119,Shore Acres,2026-03-25 20:34,1.0,27.821447,-82.604648,True,False,True,S313150933,
rosspo1,Roseate Spoonbill,Platalea ajaja,L61029119,Shore Acres,2026-03-25 20:34,1.0,27.821447,-82.604648,True,False,True,S313150933,
yebsap,Yellow-bellied Sapsucker,Sphyrapicus varius,L61029119,Shore Acres,2026-03-25 20:34,1.0,27.821447,-82.604648,True,False,True,S313150933,
brnpel,Brown Pelican,Pelecanus occidentalis,L61029119,Shore Acres,2026-03-25 20:34,1.0,27.821447,-82.604648,True,False,True,S313150933,
woosto,Wood Stork,Mycteria americana,L61029119,Shore Acres,2026-03-25 20:34,1.0,27.821447,-82.604648,True,False,True,S313150933,
wilsni1,Wilson's Snipe,Gallinago delicata,L1383581,20 Queens Drive,2026-03-25 20:32,1.0,43.0393001,-78.946665,True,False,True,S313154292,
spotow,Spotted Towhee,Pipilo maculatus,L1676814,Cimarron NG--Recreation Area,2026-03-25 20:30,2.0,37.1357125,-101.8228497,True,False,False,S313162876,
amerob,American Robin,Turdus migratorius,L60973056,"Las Galeritas, San Sebastián",2026-03-25 20:24,1.0,20.763734,-104.85098,True,False,True,S313165164,
rethaw,Red-tailed Hawk,Buteo jamaicensis,L8870546,Escuela Nacional de Estudios Superiores Unidad Morelia,2026-03-25 20:23,1.0,19.6501455,-101.2229204,True,False,False,S313164863,
hoomer,Hooded Merganser,Lophodytes cucullatus,L55131411,Prairie Lakes,2026-03-25 20:22,8.0,42.479602,-92.459631,True,False,True,S313159030,
greegr,Great Egret,Ardea alba,L61028821,"159 Francis Parker Road, Georgetown, South Carolina, US (33.425, -79.258) Wedgefield Country Club",2026-03-25 20:20,2.0,33.4253543,-79.2576195,True,False,True,S313149481,
comloo,Common Loon,Gavia immer,L1763593,Eagle Creek Park--Ornithology Center (this location only),2026-03-25 20:15,1.0,39.8734638,-86.2969584,True,False,False,S313147126,
bbwduc,Black-bellied Whistling-Duck,Dendrocygna autumnalis,L28364368,Brook Falls Park,2026-03-25 20:15,24.0,29.512955,-98.368483,True,False,False,S313163691,
logshr,Loggerhead Shrike,Lanius ludovicianus,L486781,Big Bend NP--Burro Mesa pouroff,2026-03-25 20:14,1.0,29.2366796,-103.4033203,True,False,False,S313170357,
savspa,Savannah Sparrow,Passerculus sandwichensis,L60814066,House,2026-03-25 20:13,1.0,39.995496,-86.108996,True,False,True,S313146491,
anhing,Anhinga,Anhinga anhinga,L61030293,"Sweetwater Wetlands Park, Gainesville US-FL 29.62116, -82.32386",2026-03-25 20:12,9.0,29.621156,-82.323862,True,False,True,S313156474,
amebit,American Bittern,Botaurus lentiginosus,L4093730,Soos Creek Trail,2026-03-25 20:09,1.0,47.4157759,-122.1584415,True,False,False,S313173540,
barswa,Barn Swallow,Hirundo rustica,L29670699,"2402 Woodfield Boulevard, Franklin, Indiana, US (39.508, -86.079)",2026-03-25 20:09,1.0,39.5079806,-86.079057,True,False,True,S313144973,
mallar3,Mallard,Anas platyrhynchos,L41484875,Waterloo--Meadowsweet Ave Trail Loop,2026-03-25 20:07,3.0,43.4720549,-80.605473,True,False,False,S313146250,
moudov,Mourning Dove,Zenaida macroura,L20615347,Head Of Millstream,2026-03-25 20:05,1.0,45.8843341,-65.5251116,True,False,True,S313128807,
wesmea,Western Meadowlark,Sturnella neglecta,L267708,Cimarron NG--Tunnerville Work Center,2026-03-25 20:04,2.0,37.0492009,-101.8986308,True,False,False,S313155853,
saypho,Say's Phoebe,Sayornis saya,L267708,Cimarron NG--Tunnerville Work Center,2026-03-25 20:04,2.0,37.0492009,-101.8986308,True,False,False,S313155853,
horlar,Horned Lark,Eremophila alpestris,L311600,Andreoff Wildlife Area,2026-03-25 20:03,3.0,40.7623931,-83.505578,True,False,False,S313144434,
grhowl,Great Horned Owl,Bubo virginianus,L29840905,MacFarquhar Farm,2026-03-25 20:01,2.0,51.561016,-114.393298,True,False,True,S313163510,
willet1,Willet,Tringa semipalmata,L60113921,"Brackish tidepool, Sanibel US-FL (26.4499,-82.1438)",2026-03-25 19:58,1.0,26.449878,-82.143771,True,False,True,S313142951,
whfibi,White-faced Ibis,Plegadis chihi,L833823,Aliso Creek--I-5 to Pacific Park Drive,2026-03-25 19:57,3.0,33.5911522,-117.7118591,True,False,False,S313167816,
killde,Killdeer,Charadrius vociferus,L20232756,"1701 Stewart Line, Cavan Monaghan CA-ON 44.25174, -78.41375",2026-03-25 19:56,1.0,44.251745,-78.41375,True,False,True,S313141504,
annhum,Anna's Hummingbird,Calypte anna,L29227927,"23030 276th Avenue Southeast, Maple Valley, Washington, US (47.395, -121.973)",2026-03-25 19:55,1.0,47.3952487,-121.9729273,True,False,True,S313168080,
linspa,Lincoln's Sparrow,Melospiza lincolnii,L27854413,Crescent Bend Nature Park — Cibolo Creek (Guadalupe Co.),2026-03-25 19:55,10.0,29.5546627,-98.2335483,True,False,False,S313154034,
wiltur,Wild Turkey,Meleagris gallopavo,L44013564,"61 Harcourt Rd, Quinte West CA-ON (44.1135,-77.6068)",2026-03-25 19:55,2.0,44.113503,-77.606816,True,False,True,S313141780,N
comrav,Common Raven,Corvus corax,L22528068,Holyrood,2026-03-25 19:54,1.0,53.526068,-113.450573,True,False,True,S313163225,
hoomer,Hooded Merganser,Lophodytes cucullatus,L283710,Calgary--Prince's Island Park,2026-03-25 19:53,3.0,51.0547884,-114.068837,True,False,False,S313169884,
commer,Common Merganser,Mergus merganser,L283710,Calgary--Prince's Island Park,2026-03-25 19:53,15.0,51.0547884,-114.068837,True,False,False,S313169884,
comyel,Common Yellowthroat,Geothlypis trichas,L61029578,"Pier 21, Galveston US-TX 29.31049, -94.79186",2026-03-25 19:53,1.0,29.310486,-94.791862,True,False,True,S313153208,
norsho,Northern Shoveler,Spatula clypeata,L283710,Calgary--Prince's Island Park,2026-03-25 19:53,2.0,51.0547884,-114.068837,True,False,False,S313169884,
sonspa,Song Sparrow,Melospiza melodia,L4904756,Niagara-on-the-Lake--Outlet Collection ponds,2026-03-25 19:52,1.0,43.1559,-79.1769648,True,False,False,S313149016,
incdov,Inca Dove,Columbina inca,L50763182,"246 Minter St, Uvalde US-TX 29.22256, -99.79634",2026-03-25 19:52,2.0,29.22256,-99.796338,True,False,True,S313154445,
brebla,Brewer's Blackbird,Euphagus cyanocephalus,L128907,Big Bend NP--Rio Grande Village (FWTX 44),2026-03-25 19:51,20.0,29.1809226,-102.9557133,True,False,False,S313162794,
baleag,Bald Eagle,Haliaeetus leucocephalus,L344556,Vancouver--Acadia Beach,2026-03-25 19:49,2.0,49.2798288,-123.2429104,True,False,False,S313167262,
spotow,Spotted Towhee,Pipilo maculatus,L344556,Vancouver--Acadia Beach,2026-03-25 19:49,1.0,49.2798288,-123.2429104,True,False,False,S313167262,
moublu,Mountain Bluebird,Sialia currucoides,L52846849,Home,2026-03-25 19:47,1.0,39.359609,-104.808401,True,False,True,S313160734,
grbher3,Great Blue Heron,Ardea herodias,L2568121,Corunna--Guthrie Park,2026-03-25 19:46,1.0,42.9026905,-82.4575424,True,False,False,S313139177,
treswa,Tree Swallow,Tachycineta bicolor,L11276566,"3901 Abbott Glen Court, Crestwood, Kentucky, US (38.312, -85.433)",2026-03-25 19:46,1.0,38.3122559,-85.4325229,True,False,True,S313141399,
bknsti,Black-necked Stilt,Himantopus mexicanus,L241811,El Franco Lee Park,2026-03-25 19:45,5.0,29.594929,-95.2589295,True,False,False,S313158387,
chiswi,Chimney Swift,Chaetura pelagica,L61029687,ETX Brewing Co - Tyler,2026-03-25 19:45,9.0,32.3491274,-95.3004064,True,False,True,S313153803,
hoowar,Hooded Warbler,Setophaga citrina,L241811,El Franco Lee Park,2026-03-25 19:45,1.0,29.594929,-95.2589295,True,False,False,S313158387,
easowl1,Eastern Screech-Owl,Megascops asio,L7663970,Downsview Dells Park,2026-03-25 19:44,2.0,43.7352126,-79.4996667,True,False,False,S313143098,
easpho,Eastern Phoebe,Sayornis phoebe,L7663970,Downsview Dells Park,2026-03-25 19:44,1.0,43.7352126,-79.4996667,True,False,False,S313143098,
goleag,Golden Eagle,Aquila chrysaetos,L505947,80116 - WLD,2026-03-25 19:41,1.0,39.3715304,-104.7806454,True,False,True,S313160643,
bushti,Bushtit,Psaltriparus minimus,L505947,80116 - WLD,2026-03-25 19:41,3.0,39.3715304,-104.7806454,True,False,True,S313160643,
ameavo,American Avocet,Recurvirostra americana,L59962274,Lee Kay Ponds,2026-03-25 19:40,2.0,40.7380106,-112.0346595,True,False,True,S313167154,
wesmea,Western Meadowlark,Sturnella neglecta,L285616,"White Lake, Okanagan Falls",2026-03-25 19:40,3.0,49.3099035,-119.6399117,True,False,False,S313170665,
herthr,Hermit Thrush,Catharus guttatus,L1652988,North San Antonio Hills,2026-03-25 19:39,1.0,29.469856,-98.715316,True,False,True,S313150855,
balori,Baltimore Oriole,Icterus galbula,L225644,"Holt Paradise Pond, Port Aransas",2026-03-25 19:34,1.0,27.8342117,-97.0720157,True,False,False,S313155540,
rudduc,Ruddy Duck,Oxyura jamaicensis,L4026571,Little Punderson Lake,2026-03-25 19:33,4.0,41.4471979,-81.2037492,True,False,False,S313166225,
snoegr,Snowy Egret,Egretta thula,L39966999,Lemon Bay Preserve,2026-03-25 19:31,3.0,26.880129,-82.305504,True,False,True,S313143758,
reshaw,Red-shouldered Hawk,Buteo lineatus,L14039138,Champboisé,2026-03-25 19:31,1.0,45.624384,-75.4421485,True,False,False,S313136503,
casfin,Cassin's Finch,Haemorhous cassinii,L61030670,River Ranch,2026-03-25 19:28,1.0,44.8856759,-116.112861,True,False,True,S313158225,
norbob,Northern Bobwhite,Colinus virginianus,L57924137,Rosita Lake,2026-03-25 19:28,9.0,27.345651,-97.776661,True,False,False,S313150983,
perfal,Peregrine Falcon,Falco peregrinus,L4312241,Cornell University--Arts Quad,2026-03-25 19:27,1.0,42.4486364,-76.4844346,True,False,False,S313134241,
wooduc,Wood Duck,Aix sponsa,L2489743,Concession Rd #2 at the north end,2026-03-25 19:27,1.0,44.1581632,-79.481492,True,False,True,S313139478,
vigswa,Violet-green Swallow,Tachycineta thalassina,L13392272,Home Yard,2026-03-25 19:26,22.0,48.7718983,-122.4178453,True,False,True,S313165186,
bargol,Barrow's Goldeneye,Bucephala islandica,L344556,Vancouver--Acadia Beach,2026-03-25 19:26,20.0,49.2798288,-123.2429104,True,False,False,S313169681,
grycat,Gray Catbird,Dumetella carolinensis,L29937714,Home,2026-03-25 19:26,1.0,27.1434394,-82.4495306,True,False,True,S313137648,
grcfly,Great Crested Flycatcher,Myiarchus crinitus,L29937714,Home,2026-03-25 19:26,1.0,27.1434394,-82.4495306,True,False,True,S313137648,
bargol,Barrow's Goldeneye,Bucephala islandica,L3350751,Seattle Aquarium,2026-03-25 19:22,3.0,47.6074868,-122.34272,True,False,False,S313165868,
comgra,Common Grackle,Quiscalus quiscula,L3386768,Brett & Vicki's,2026-03-25 19:20,12.0,42.0717713,-82.524029,True,False,True,S313143634,
pinsis,Pine Siskin,Spinus pinus,L5513901,Elkford Townsite,2026-03-25 19:20,1.0,50.0226305,-114.9238399,True,False,False,S313164902,
rewbla,Red-winged Blackbird,Agelaius phoeniceus,L3386768,Brett & Vicki's,2026-03-25 19:20,1.0,42.0717713,-82.524029,True,False,True,S313143634,
carwre,Carolina Wren,Thryothorus ludovicianus,L3386768,Brett & Vicki's,2026-03-25 19:20,1.0,42.0717713,-82.524029,True,False,True,S313143634,
norfli,Northern Flicker,Colaptes auratus,L5513901,Elkford Townsite,2026-03-25 19:20,1.0,50.0226305,-114.9238399,True,False,False,S313164902,
acowoo,Acorn Woodpecker,Melanerpes formicivorus,L37281203,"215 Grand Ave, Ojai US-CA (34.4529,-119.2451)",2026-03-25 19:13,1.0,34.452859,-119.245077,True,False,True,S313164483,
ferhaw,Ferruginous Hawk,Buteo regalis,L61029324,"1098-1064 U Road, Richfield, Kansas, US (37.262, -101.864)",2026-03-25 19:12,1.0,37.2617632,-101.864076,True,False,True,S313151942,
blujay,Blue Jay,Cyanocitta cristata,L56294975,Forest Home Area,2026-03-25 19:10,1.0,44.939143,-64.515693,True,False,True,S313113089,
pilwoo,Pileated Woodpecker,Dryocopus pileatus,L56294975,Forest Home Area,2026-03-25 19:10,3.0,44.939143,-64.515693,True,False,True,S313113089,
stejay,Steller's Jay,Cyanocitta stelleri,L737036,Big Cottonwood Canyon--Spruces CG,2026-03-25 19:09,1.0,40.64154,-111.6372943,True,False,False,S313163387,
mouchi,Mountain Chickadee,Poecile gambeli,L737036,Big Cottonwood Canyon--Spruces CG,2026-03-25 19:09,2.0,40.64154,-111.6372943,True,False,False,S313163387,
truswa,Trumpeter Swan,Cygnus buccinator,L30063711,"913 Peace Road, Kawartha Lakes, Ontario, CA (44.342, -78.541)",2026-03-25 19:07,4.0,44.3424734,-78.5405646,True,False,True,S313137165,
brebla,Brewer's Blackbird,Euphagus cyanocephalus,L34488962,Nanaimo Harbour,2026-03-25 19:07,24.0,49.1675698,-123.934809,True,False,False,S313163291,
rebnut,Red-breasted Nuthatch,Sitta canadensis,L52143883,Dam,2026-03-25 19:07,1.0,49.766647,-94.528884,True,False,True,S313148473,
houfin,House Finch,Haemorhous mexicanus,L15472114,Home,2026-03-25 19:06,1.0,20.71041,-103.36115,True,False,True,S313157749,
yehbla,Yellow-headed Blackbird,Xanthocephalus xanthocephalus,L28266513,Provo River Delta,2026-03-25 19:05,1.0,40.2458762,-111.7205421,True,False,False,S313162098,
kinrai4,King Rail,Rallus elegans,L3573473,Cape Hatteras NS--Old Cape Point beach road/walkway,2026-03-25 19:02,2.0,35.2407041,-75.5266929,True,False,False,S313137850,
pibgre,Pied-billed Grebe,Podilymbus podiceps,L1282379,Cambridge--Hespeler Mill Pond,2026-03-25 19:01,1.0,43.4363427,-80.3055954,True,False,False,S313144086,
brocow,Bronzed Cowbird,Molothrus aeneus,L374130,Blucher Park (CTC 071),2026-03-25 19:01,1.0,27.791317,-97.399174,True,False,False,S313151871,
y00475,American Coot,Fulica americana,L296382,Long Point--Birds Canada Headquarters Property,2026-03-25 19:00,200.0,42.6144444,-80.4583333,True,False,False,S313143915,
mouchi,Mountain Chickadee,Poecile gambeli,L26314587,Hazel Street,2026-03-25 19:00,2.0,52.1077774,-122.0927163,True,False,True,S313165065,
burowl,Burrowing Owl,Athene cunicularia,L61030711,"South Pleasant Valley Road, Kuna, Idaho, US (43.39, -116.234)",2026-03-25 18:59,1.0,43.3900386,-116.2344532,True,False,True,S313158440,
casspa,Cassin's Sparrow,Peucaea cassinii,L6695785,Casa Doyle,2026-03-25 18:55,1.0,31.4100244,-110.2277579,True,False,True,S313166489,
graspa,Grasshopper Sparrow,Ammodramus savannarum,L6695785,Casa Doyle,2026-03-25 18:55,1.0,31.4100244,-110.2277579,True,False,True,S313166489,
clagre,Clark's Grebe,Aechmophorus clarkii,L1386107,Northlake Park & Loch Lomond Pond,2026-03-25 18:54,1.0,40.3620139,-111.859546,True,False,False,S313161091,
sposan,Spotted Sandpiper,Actitis macularius,L39029455,Cimarron Ponds and Trails,2026-03-25 18:53,2.0,26.1849178,-98.3020032,True,False,False,S313167257,
forter,Forster's Tern,Sterna forsteri,L274778,Sequoyah SP,2026-03-25 18:50,3.0,35.9153218,-95.2495634,True,False,False,S313156516,
ameoys,American Oystercatcher,Haematopus palliatus,L273461,Goose Island SP (CTC 048),2026-03-25 18:47,1.0,28.13255,-96.985052,True,False,False,S313149548,
blkski,Black Skimmer,Rynchops niger,L273461,Goose Island SP (CTC 048),2026-03-25 18:47,28.0,28.13255,-96.985052,True,False,False,S313149548,
comloo,Common Loon,Gavia immer,L989225,Revelstoke--Centennial Park,2026-03-25 18:46,1.0,50.9922581,-118.2063246,True,False,False,S313161529,
greroa,Greater Roadrunner,Geococcyx californianus,L40832915,Backyard,2026-03-25 18:45,1.0,32.5217592,-97.3022895,True,False,True,S313139377,
pygnut,Pygmy Nuthatch,Sitta pygmaea,L42719713,Personal Location (Backyard),2026-03-25 18:45,1.0,37.353938,-122.057155,True,False,True,S313166595,
sancra,Sandhill Crane,Antigone canadensis,L1139508,Long Point--Causeway,2026-03-25 18:45,18.0,42.5958583,-80.4499222,True,False,False,S313135864,
annhum,Anna's Hummingbird,Calypte anna,L17858247,"Lindsay Park, Cranberry",2026-03-25 18:42,1.0,49.8734668,-124.5213926,True,False,False,S313161313,
herthr,Hermit Thrush,Catharus guttatus,L17858247,"Lindsay Park, Cranberry",2026-03-25 18:42,1.0,49.8734668,-124.5213926,True,False,False,S313161313,
rebwoo,Red-bellied Woodpecker,Melanerpes carolinus,L58551475,Herbert,2026-03-25 18:39,1.0,43.2278574,-81.8747705,True,False,True,S313120709,
woosto,Wood Stork,Mycteria americana,L22811267,Rancho Primavera,2026-03-25 18:38,2.0,20.3412871,-105.3499818,True,False,False,S313158713,
anhing,Anhinga,Anhinga anhinga,L22811267,Rancho Primavera,2026-03-25 18:38,1.0,20.3412871,-105.3499818,True,False,False,S313158713,
bbwduc,Black-bellied Whistling-Duck,Dendrocygna autumnalis,L22811267,Rancho Primavera,2026-03-25 18:38,89.0,20.3412871,-105.3499818,True,False,False,S313158713,
bcnher,Black-crowned Night Heron,Nycticorax nycticorax,L22811267,Rancho Primavera,2026-03-25 18:38,2.0,20.3412871,-105.3499818,True,False,False,S313158713,
snoegr,Snowy Egret,Egretta thula,L22811267,Rancho Primavera,2026-03-25 18:38,6.0,20.3412871,-105.3499818,True,False,False,S313158713,
rosspo1,Roseate Spoonbill,Platalea ajaja,L22811267,Rancho Primavera,2026-03-25 18:38,2.0,20.3412871,-105.3499818,True,False,False,S313158713,
greegr,Great Egret,Ardea alba,L22811267,Rancho Primavera,2026-03-25 18:38,1.0,20.3412871,-105.3499818,True,False,False,S313158713,
astfly,Ash-throated Flycatcher,Myiarchus cinerascens,L1400591,Rio Vista Natural Resource Park,2026-03-25 18:36,2.0,32.2800719,-110.9326502,True,False,False,S313164243,
barswa,Barn Swallow,Hirundo rustica,L346076,ȾIX̱EṈ / Saanichton Spit (Private Property of Tsawout Nation),2026-03-25 18:34,2.0,48.5952164,-123.3716993,True,False,False,S313164449,
treswa,Tree Swallow,Tachycineta bicolor,L346076,ȾIX̱EṈ / Saanichton Spit (Private Property of Tsawout Nation),2026-03-25 18:34,1.0,48.5952164,-123.3716993,True,False,False,S313164449,
vigswa,Violet-green Swallow,Tachycineta thalassina,L346076,ȾIX̱EṈ / Saanichton Spit (Private Property of Tsawout Nation),2026-03-25 18:34,10.0,48.5952164,-123.3716993,True,False,False,S313164449,
savspa,Savannah Sparrow,Passerculus sandwichensis,L346076,ȾIX̱EṈ / Saanichton Spit (Private Property of Tsawout Nation),2026-03-25 18:34,1.0,48.5952164,-123.3716993,True,False,False,S313164449,
bewwre,Bewick's Wren,Thryomanes bewickii,L346076,ȾIX̱EṈ / Saanichton Spit (Private Property of Tsawout Nation),2026-03-25 18:34,1.0,48.5952164,-123.3716993,True,False,False,S313164449,
yerwar,Yellow-rumped Warbler,Setophaga coronata,L51803966,"Facultad de Estudios Superiores Aragón UNAM, Ciudad Nezahualcóyotl, Estado de México, MX",2026-03-25 18:33,1.0,19.4746757,-99.0455285,True,False,True,S313162413,
incdov,Inca Dove,Columbina inca,L51803966,"Facultad de Estudios Superiores Aragón UNAM, Ciudad Nezahualcóyotl, Estado de México, MX",2026-03-25 18:33,2.0,19.4746757,-99.0455285,True,False,True,S313162413,
redcro,Red Crossbill,Loxia curvirostra,L61033566,KFB FISH CASTLE,2026-03-25 18:31,2.0,60.7059505,-135.0178958,True,False,True,S313171021,
normoc,Northern Mockingbird,Mimus polyglottos,L27313055,Humedal Del Conchalito,2026-03-25 18:28,1.0,24.1374481,-110.3454853,True,False,True,S313161916,
sposan,Spotted Sandpiper,Actitis macularius,L27313055,Humedal Del Conchalito,2026-03-25 18:28,2.0,24.1374481,-110.3454853,True,False,True,S313161916,
brnpel,Brown Pelican,Pelecanus occidentalis,L27313055,Humedal Del Conchalito,2026-03-25 18:28,1.0,24.1374481,-110.3454853,True,False,True,S313161916,
belkin1,Belted Kingfisher,Megaceryle alcyon,L784114,Port Dover--Silver Lake,2026-03-25 18:28,1.0,42.7940151,-80.2065468,True,False,False,S313125719,
bnhcow,Brown-headed Cowbird,Molothrus ater,L1510206,Oakville--Bronte Marsh,2026-03-25 18:23,1.0,43.3938299,-79.7167164,True,False,False,S313158892,
prowar,Prothonotary Warbler,Protonotaria citrea,L370457,Pearl River WMA--Honey Island Swamp,2026-03-25 18:19,3.0,30.3980862,-89.7006226,True,False,False,S313131907,
bushti,Bushtit,Psaltriparus minimus,L252514,Uplands Park,2026-03-25 18:18,2.0,48.4416354,-123.2988112,True,False,False,S313176943,
whcspa,White-crowned Sparrow,Zonotrichia leucophrys,L489929,Victoria--King's Pond,2026-03-25 18:16,2.0,48.4610555,-123.3460808,True,False,False,S313166656,
perfal,Peregrine Falcon,Falco peregrinus,L60301763,Sheraton Hotel (Hamilton),2026-03-25 18:15,1.0,43.2577488,-79.8722616,True,False,True,S313125301,
chispa,Chipping Sparrow,Spizella passerina,L2826796,Arthur St Truro,2026-03-25 18:15,1.0,45.3606096,-63.2858849,True,False,True,S313110831,
swahaw,Swainson's Hawk,Buteo swainsoni,L61030570,"18953-18979 Highland Valley Road, Ramona, California, US (33.016, -116.912)",2026-03-25 18:14,1.0,33.0159706,-116.9118147,True,False,True,S313157800,
yehbla,Yellow-headed Blackbird,Xanthocephalus xanthocephalus,L28676038,"60 Periférico Vicente Lombardo Toledano, Chihuahua, Chihuahua, MX (28.659, -106.063)",2026-03-25 18:13,600.0,28.6589873,-106.0633718,True,False,True,S313157823,
linspa,Lincoln's Sparrow,Melospiza lincolnii,L28676038,"60 Periférico Vicente Lombardo Toledano, Chihuahua, Chihuahua, MX (28.659, -106.063)",2026-03-25 18:13,2.0,28.6589873,-106.0633718,True,False,True,S313157823,
turvul,Turkey Vulture,Cathartes aura,L28676038,"60 Periférico Vicente Lombardo Toledano, Chihuahua, Chihuahua, MX (28.659, -106.063)",2026-03-25 18:13,1.0,28.6589873,-106.0633718,True,False,True,S313157823,
killde,Killdeer,Charadrius vociferus,L28676038,"60 Periférico Vicente Lombardo Toledano, Chihuahua, Chihuahua, MX (28.659, -106.063)",2026-03-25 18:13,7.0,28.6589873,-106.0633718,True,False,True,S313157823,
moudov,Mourning Dove,Zenaida macroura,L28676038,"60 Periférico Vicente Lombardo Toledano, Chihuahua, Chihuahua, MX (28.659, -106.063)",2026-03-25 18:13,13.0,28.6589873,-106.0633718,True,False,True,S313157823,
norfli,Northern Flicker,Colaptes auratus,L28676038,"60 Periférico Vicente Lombardo Toledano, Chihuahua, Chihuahua, MX (28.659, -106.063)",2026-03-25 18:13,1.0,28.6589873,-106.0633718,True,False,True,S313157823,
bknsti,Black-necked Stilt,Himantopus mexicanus,L28676038,"60 Periférico Vicente Lombardo Toledano, Chihuahua, Chihuahua, MX (28.659, -106.063)",2026-03-25 18:13,1.0,28.6589873,-106.0633718,True,False,True,S313157823,
bnhcow,Brown-headed Cowbird,Molothrus ater,L28676038,"60 Periférico Vicente Lombardo Toledano, Chihuahua, Chihuahua, MX (28.659, -106.063)",2026-03-25 18:13,500.0,28.6589873,-106.0633718,True,False,True,S313157823,
paibun,Painted Bunting,Passerina ciris,L61022804,Scott’s Landing,2026-03-25 18:09,1.0,34.754932,-76.716486,True,False,True,S313117109,
amekes,American Kestrel,Falco sparverius,L42185822,"1010–1106 Fralick Rd, Springwater CA-ON 44.45743, -79.87530",2026-03-25 18:02,1.0,44.457425,-79.875304,True,False,True,S313129593,
juntit1,Juniper Titmouse,Baeolophus ridgwayi,L683721,"NM Los Alamos, Bandelier, County-line Lagoons",2026-03-25 18:01,2.0,35.7682087,-106.257062,True,False,True,S313165177,
rudduc,Ruddy Duck,Oxyura jamaicensis,L510813,Planta de Tratamiento de Aguas Residuales de La Paz,2026-03-25 17:58,45.0,24.1094829,-110.3467762,True,False,False,S313155120,
rewbla,Red-winged Blackbird,Agelaius phoeniceus,L510813,Planta de Tratamiento de Aguas Residuales de La Paz,2026-03-25 17:58,15.0,24.1094829,-110.3467762,True,False,False,S313155120,
ameavo,American Avocet,Recurvirostra americana,L510813,Planta de Tratamiento de Aguas Residuales de La Paz,2026-03-25 17:58,3.0,24.1094829,-110.3467762,True,False,False,S313155120,
hoowar,Hooded Warbler,Setophaga citrina,L59415794,Blue Monkey at Aldea Coral,2026-03-25 17:58,1.0,20.3737795,-87.3785002,True,False,False,S313135667,
y00475,American Coot,Fulica americana,L510813,Planta de Tratamiento de Aguas Residuales de La Paz,2026-03-25 17:58,30.0,24.1094829,-110.3467762,True,False,False,S313155120,
norsho,Northern Shoveler,Spatula clypeata,L510813,Planta de Tratamiento de Aguas Residuales de La Paz,2026-03-25 17:58,1.0,24.1094829,-110.3467762,True,False,False,S313155120,
whfibi,White-faced Ibis,Plegadis chihi,L510813,Planta de Tratamiento de Aguas Residuales de La Paz,2026-03-25 17:58,8.0,24.1094829,-110.3467762,True,False,False,S313155120,
moublu,Mountain Bluebird,Sialia currucoides,L23810340,"Glenbank Rd, Central Kootenay CA-BC 50.24950, -117.79897",2026-03-25 17:55,1.0,50.249497,-117.79897,True,False,True,S313153565,
belvir,Bell's Vireo,Vireo bellii,L61033765,"11121 N Oracle Rd, Oro Valley US-AZ 32.40866, -110.94672",2026-03-25 17:52,2.0,32.408661,-110.946717,True,False,True,S313171775,
stejay,Steller's Jay,Cyanocitta stelleri,L6650049,Skwelwil'em Squamish River Estuary -- East (of central channel),2026-03-25 17:49,2.0,49.690566,-123.164063,True,False,False,S313164016,
grycat,Gray Catbird,Dumetella carolinensis,L13412430,Amar Aves,2026-03-25 17:48,1.0,20.0714342,-87.6201108,True,False,True,S313131650,
horlar,Horned Lark,Eremophila alpestris,L61026983,"Highway 5, Blucher No. 343 CA-SK 52.14372, -106.15702",2026-03-25 17:44,4.0,52.143723,-106.157017,True,False,True,S313139390,
robgro,Rose-breasted Grosbeak,Pheucticus ludovicianus,L10513408,Eco Parque 3 Garantías,2026-03-25 17:42,2.0,18.1929883,-89.0031624,True,False,False,S313131973,
comyel,Common Yellowthroat,Geothlypis trichas,L10513408,Eco Parque 3 Garantías,2026-03-25 17:42,1.0,18.1929883,-89.0031624,True,False,False,S313131973,
indbun,Indigo Bunting,Passerina cyanea,L10513408,Eco Parque 3 Garantías,2026-03-25 17:42,3.0,18.1929883,-89.0031624,True,False,False,S313131973,
balori,Baltimore Oriole,Icterus galbula,L10513408,Eco Parque 3 Garantías,2026-03-25 17:42,1.0,18.1929883,-89.0031624,True,False,False,S313131973,
easblu,Eastern Bluebird,Sialia sialis,L16465638,"10725-11535 Stanley Avenue, Niagara Falls, Ontario, CA (43.021, -79.084)",2026-03-25 17:42,2.0,43.0211941,-79.0835091,True,False,True,S313124210,
grbher3,Great Blue Heron,Ardea herodias,L59029091,Amet Nature Retreat,2026-03-25 17:40,1.0,23.4873662,-109.7149444,True,False,False,S313162179,
yerwar,Yellow-rumped Warbler,Setophaga coronata,L351640,Victoria--Beaver Lake,2026-03-25 17:38,3.0,48.5102931,-123.3934593,True,False,False,S313160489,
tuftit,Tufted Titmouse,Baeolophus bicolor,L1807326,Ojibway Prairie Provincial Nature Reserve,2026-03-25 17:38,4.0,42.2579408,-83.0713167,True,False,False,S313125323,
wilsni1,Wilson's Snipe,Gallinago delicata,L61020929,"2754 Brookfield Road, Port Colborne, Ontario, CA (42.923, -79.163)",2026-03-25 17:37,3.0,42.9229227,-79.1634083,True,False,True,S313107829,
normoc,Northern Mockingbird,Mimus polyglottos,L61020929,"2754 Brookfield Road, Port Colborne, Ontario, CA (42.923, -79.163)",2026-03-25 17:37,1.0,42.9229227,-79.1634083,True,False,True,S313107829,
amebit,American Bittern,Botaurus lentiginosus,L56410307,Lagunas de Kanasín,2026-03-25 17:37,1.0,20.9124082,-89.5599277,True,False,False,S313156924,
blkvul,Black Vulture,Coragyps atratus,L61028523,Laguna Valle Del Jaguar,2026-03-25 17:36,,18.0100671,-92.9932611,True,False,True,S313147976,
barswa,Barn Swallow,Hirundo rustica,L12720762,Bosque de Chapultepec--Lago Menor,2026-03-25 17:34,400.0,19.4207815,-99.1843445,True,False,False,S313150239,
cedwax,Cedar Waxwing,Bombycilla cedrorum,L42619184,"Vipond Rd, Nanaimo",2026-03-25 17:34,1.0,49.21317,-124.07389,True,False,True,S313174635,
greegr,Great Egret,Ardea alba,L10754958,Amherstburg--Big Creek CA,2026-03-25 17:32,1.0,42.0610642,-83.0833947,True,False,False,S313101703,
mallar3,Mallard,Anas platyrhynchos,L663802,Campo Mosqueda,2026-03-25 17:30,2.0,32.1577028,-115.2784252,True,False,False,S313162163,
amekes,American Kestrel,Falco sparverius,L663802,Campo Mosqueda,2026-03-25 17:30,2.0,32.1577028,-115.2784252,True,False,False,S313162163,
easkin,Eastern Kingbird,Tyrannus tyrannus,L3943119,Lafitte Greenway,2026-03-25 17:27,1.0,29.9613112,-90.070703,True,False,False,S313117004,
clanut,Clark's Nutcracker,Nucifraga columbiana,L61026058,"Forest Service Road 137, Beaver US-UT 38.24067, -112.46871",2026-03-25 17:18,1.0,38.240672,-112.468713,True,False,True,S313134339,
buggna,Blue-gray Gnatcatcher,Polioptila caerulea,L2386418,Universidad Autónoma Metropolitana Unidad Xochimilco,2026-03-25 17:08,3.0,19.3023437,-99.1033745,True,False,False,S313150602,
bushti,Bushtit,Psaltriparus minimus,L2386418,Universidad Autónoma Metropolitana Unidad Xochimilco,2026-03-25 17:08,6.0,19.3023437,-99.1033745,True,False,False,S313150602,
bewwre,Bewick's Wren,Thryomanes bewickii,L2386418,Universidad Autónoma Metropolitana Unidad Xochimilco,2026-03-25 17:08,3.0,19.3023437,-99.1033745,True,False,False,S313150602,
rthhum,Ruby-throated Hummingbird,Archilochus colubris,L2386418,Universidad Autónoma Metropolitana Unidad Xochimilco,2026-03-25 17:08,1.0,19.3023437,-99.1033745,True,False,False,S313150602,
osprey,Osprey,Pandion haliaetus,L168802,Burlington--LaSalle Park/Marina,2026-03-25 17:04,1.0,43.302204,-79.844406,True,False,False,S313121542,
yehbla,Yellow-headed Blackbird,Xanthocephalus xanthocephalus,L265165,Kelowna--Robert Lake,2026-03-25 17:04,2.0,49.9356176,-119.4089035,True,False,False,S313160140,
saypho,Say's Phoebe,Sayornis saya,L265165,Kelowna--Robert Lake,2026-03-25 17:04,1.0,49.9356176,-119.4089035,True,False,False,S313160140,
rudduc,Ruddy Duck,Oxyura jamaicensis,L265165,Kelowna--Robert Lake,2026-03-25 17:04,8.0,49.9356176,-119.4089035,True,False,False,S313160140,
norcar,Northern Cardinal,Cardinalis cardinalis,L510813,Planta de Tratamiento de Aguas Residuales de La Paz,2026-03-25 17:03,,24.1094829,-110.3467762,True,False,False,S313161477,
lazbun,Lazuli Bunting,Passerina amoena,L247122,Paton Center for Hummingbirds (Patons' Yard),2026-03-25 17:01,7.0,31.5390131,-110.7606337,True,False,False,S313143313,
calqua,California Quail,Callipepla californica,L2225130,V1E3Z7,2026-03-25 17:00,10.0,50.7124526,-119.2655826,True,False,True,S313168255,N
chispa,Chipping Sparrow,Spizella passerina,L61027198,"Club Campestre de Saltillo, Saltillo MX-Coah. 25.49132, -100.95755",2026-03-25 16:52,5.0,25.491324,-100.957554,True,False,True,S313140573,
buwwar,Blue-winged Warbler,Vermivora cyanoptera,L61025865,Tres Garantias Road Stop 3,2026-03-25 16:47,1.0,18.267586,-89.035334,True,False,True,S313133231,
pygnut,Pygmy Nuthatch,Sitta pygmaea,L328144,Fintry Provincial Park,2026-03-25 16:46,2.0,50.1411111,-119.5,True,False,False,S313152736,
blugrb1,Blue Grosbeak,Passerina caerulea,L3576420,Camino al Cocodrilario,2026-03-25 16:45,20.0,21.5281803,-105.2199697,True,False,False,S313168899,
paibun,Painted Bunting,Passerina ciris,L3576420,Camino al Cocodrilario,2026-03-25 16:45,4.0,21.5281803,-105.2199697,True,False,False,S313168899,
chirav,Chihuahuan Raven,Corvus cryptoleucus,L7034973,Bryant's Corner,2026-03-25 16:44,1.0,34.3928873,-99.6720028,True,False,False,S313142957,
fragul,Franklin's Gull,Leucophaeus pipixcan,L635451,Crystal Lake,2026-03-25 16:40,1.0,35.4531193,-97.631979,True,False,False,S313168794,
reevir1,Red-eyed Vireo,Vireo olivaceus,L2117248,Live Oak Landing,2026-03-25 16:37,1.0,30.9577381,-87.8719997,True,False,False,S313117352,
vigswa,Violet-green Swallow,Tachycineta thalassina,L837139,Presa Gutiérrez,2026-03-25 16:27,8.0,17.1598279,-96.762718,True,False,False,S313163650,
cedwax,Cedar Waxwing,Bombycilla cedrorum,L837139,Presa Gutiérrez,2026-03-25 16:27,17.0,17.1598279,-96.762718,True,False,False,S313163650,
calcon,California Condor,Gymnogyps californianus,L2299857,Pinnacles NP--Bear Gulch Nature Center,2026-03-25 16:21,7.0,36.4814632,-121.1807306,True,False,False,S313176193,
yebsap,Yellow-bellied Sapsucker,Sphyrapicus varius,L17066021,Rancho La Noria,2026-03-25 16:09,1.0,21.4852088,-104.9932715,True,False,False,S313156291,
belvir,Bell's Vireo,Vireo bellii,L17066021,Rancho La Noria,2026-03-25 16:09,1.0,21.4852088,-104.9932715,True,False,False,S313171853,
acowoo,Acorn Woodpecker,Melanerpes formicivorus,L17066021,Rancho La Noria,2026-03-25 16:09,2.0,21.4852088,-104.9932715,True,False,False,S313156291,
westan,Western Tanager,Piranga ludoviciana,L30342100,Parque Ecológico La Campana--Zona Arqueológica La Campana,2026-03-25 16:08,3.0,19.267822,-103.7256789,True,False,False,S313153685,
yebcha,Yellow-breasted Chat,Icteria virens,L30342100,Parque Ecológico La Campana--Zona Arqueológica La Campana,2026-03-25 16:08,1.0,19.267822,-103.7256789,True,False,False,S313153685,
lazbun,Lazuli Bunting,Passerina amoena,L30342100,Parque Ecológico La Campana--Zona Arqueológica La Campana,2026-03-25 16:08,1.0,19.267822,-103.7256789,True,False,False,S313153685,
swahaw,Swainson's Hawk,Buteo swainsoni,L30643031,A Dos Cuadras Del Oxxo Peñuela,2026-03-25 16:04,6.0,18.8631107,-96.8945657,True,False,True,S313150418,
osprey,Osprey,Pandion haliaetus,L30643031,A Dos Cuadras Del Oxxo Peñuela,2026-03-25 16:04,1.0,18.8631107,-96.8945657,True,False,True,S313150418,
perfal,Peregrine Falcon,Falco peregrinus,L30643031,A Dos Cuadras Del Oxxo Peñuela,2026-03-25 16:04,1.0,18.8631107,-96.8945657,True,False,True,S313150418,
grnher,Green Heron,Butorides virescens,L2657643,Humedal Pinar de la Venta,2026-03-25 16:03,1.0,20.7306566,-103.5300601,True,False,False,S313115405,
carwre,Carolina Wren,Thryothorus ludovicianus,L56159188,"Kanan House 97302, Mérida MX-Yuc. 21.07873, -89.61277",2026-03-25 16:00,1.0,21.078727,-89.612768,True,False,True,S313124726,
goleag,Golden Eagle,Aquila chrysaetos,L422602,Embrun Sewage Lagoons,2026-03-25 15:54,1.0,45.2732556,-75.2444172,True,True,False,S313077145,
brocow,Bronzed Cowbird,Molothrus aeneus,L1854981,Playa del Borrego,2026-03-25 15:45,30.0,21.5190994,-105.2719057,True,False,False,S313168213,
brebla,Brewer's Blackbird,Euphagus cyanocephalus,L29449280,"Fraccionamiento Real Palmas, Nuevo León, MX (25.905, -100.159)",2026-03-25 15:34,1.0,25.9051157,-100.1594984,True,False,True,S313102062,
astfly,Ash-throated Flycatcher,Myiarchus cinerascens,L58052846,Sendero La Ventana Cardon,2026-03-25 15:19,1.0,24.035564,-109.973264,True,False,False,S313147176,
grycat,Gray Catbird,Dumetella carolinensis,L1782673,Erieau Marsh Trail,2026-03-25 14:48,1.0,42.2665036,-81.9384214,True,True,False,S313083850,
forter,Forster's Tern,Sterna forsteri,L1446612,Grand Plaza La Paz,2026-03-25 14:38,2.0,24.1236472,-110.3499469,True,False,False,S313107287,
blkski,Black Skimmer,Rynchops niger,L1446612,Grand Plaza La Paz,2026-03-25 14:38,2.0,24.1236472,-110.3499469,True,False,False,S313107287,
amwpel,American White Pelican,Pelecanus erythrorhynchos,L1446612,Grand Plaza La Paz,2026-03-25 14:38,2.0,24.1236472,-110.3499469,True,False,False,S313107287,
yebcha,Yellow-breasted Chat,Icteria virens,L5584024,Pine Woods Park,2026-03-25 14:29,1.0,25.647447,-80.356726,True,False,False,S313066072,
clanut,Clark's Nutcracker,Nucifraga columbiana,L61019357,"6535–6563 Sidley Mountain Rd, Kootenay Boundary CA-BC 49.02900, -119.25669",2026-03-25 14:26,3.0,49.029,-119.256692,True,False,True,S313099764,
sonspa,Song Sparrow,Melospiza melodia,L61017103,"112 Celaya - Salamanca, San Salvador Torrecillas, Guanajuato, MX (20.577, -100.973)Sa11",2026-03-25 14:24,1.0,20.5768333,-100.9733867,True,False,True,S313087933,
chclon,Chestnut-collared Longspur,Calcarius ornatus,L896211,Keyes WTP,2026-03-25 14:16,16.0,36.8064672,-102.2358084,True,False,False,S313069209,
dickci,Dickcissel,Spiza americana,L1263899,Mid Pines Rd.,2026-03-25 14:16,1.0,35.7250538,-78.6936951,True,True,False,S313052782,
calqua,California Quail,Callipepla californica,L4458384,La Poza de Todos Santos,2026-03-25 14:10,2.0,23.4392103,-110.2391768,True,False,False,S313118753,
whocra,Whooping Crane,Grus americana,L2349417,Aransas NWR--Dagger Point area (Calhoun Co.),2026-03-25 13:32,2.0,28.2752186,-96.7979836,True,False,False,S313104326,
casfin,Cassin's Finch,Haemorhous cassinii,L682036,Kelowna--Mill Creek Regional Park,2026-03-25 13:30,1.0,49.9726294,-119.36167,True,False,False,S313085907,
logshr,Loggerhead Shrike,Lanius ludovicianus,L61014256,"Salamanca - Celaya, San Salvador Torrecillas, Guanajuato, MX (20.577, -100.98)Sa9",2026-03-25 13:30,1.0,20.576875,-100.97972,True,False,True,S313073992,
easpho,Eastern Phoebe,Sayornis phoebe,L5848008,Parque El Chapulín,2026-03-25 13:25,1.0,25.4042204,-100.9970462,True,False,False,S313087474,
linspa,Lincoln's Sparrow,Melospiza lincolnii,L298193,Coquitlam—ƛ̓éxətəm (tla-hut-um) Regional Park,2026-03-25 13:22,1.0,49.23429,-122.7996362,True,False,False,S313112808,
fiscro,Fish Crow,Corvus ossifragus,L7117630,Oakville--Bronte Beach Park,2026-03-25 13:18,3.0,43.392284,-79.7098446,True,False,False,S313046840,
miskit,Mississippi Kite,Ictinia mississippiensis,L208734,Edith L. Moore Nature Sanctuary (UTC 094),2026-03-25 13:15,1.0,29.7717945,-95.5695572,True,False,False,S313061875,
chirav,Chihuahuan Raven,Corvus cryptoleucus,L61016603,"225 Calle 43, Monclova, Coahuila de Zaragoza, MX (26.901, -101.405)",2026-03-25 13:13,,26.9011534,-101.4047851,True,False,True,S313085420,
ferhaw,Ferruginous Hawk,Buteo regalis,L13195526,Atlas square 13UDR29,2026-03-25 12:47,1.0,50.462513,-106.1099548,True,False,True,S313168535,
houwre,Northern House Wren,Troglodytes aedon,L304462,Camino La Cumbre--Oeste,2026-03-25 12:39,1.0,17.1771118,-96.6071078,True,False,False,S313113640,
buwwar,Blue-winged Warbler,Vermivora cyanoptera,L127440,John Pennekamp Coral Reef SP,2026-03-25 12:39,1.0,25.1280556,-80.41,True,False,False,S313048015,
comrav,Common Raven,Corvus corax,L26586887,Carretera 52 a Los Arquitos,2026-03-25 12:24,1.0,21.9213223,-102.383293,True,False,True,S313057204,
yebsap,Yellow-bellied Sapsucker,Sphyrapicus varius,L2411833,Parc des Hauts-Fonds,2026-03-25 12:10,1.0,46.732928,-71.4428384,True,True,False,S313035778,
sctfly,Scissor-tailed Flycatcher,Tyrannus forficatus,L61009974,"Ramal al Fortín, Pijijiapan MX-Chis. 15.74000, -93.29281",2026-03-25 12:06,1.0,15.740001,-93.292813,True,False,True,S313053838,
pibgre,Pied-billed Grebe,Podilymbus podiceps,L61009134,"Vicente Fox, El Caracol, Guanajuato, MX (20.572, -100.989)Sa6",2026-03-25 11:34,2.0,20.5724851,-100.9888951,True,False,True,S313049878,
comloo,Common Loon,Gavia immer,L61015810,Coastline N of Roca Roja,2026-03-25 11:30,6.0,28.909812,-112.060681,True,False,True,S313081548,
stejay,Steller's Jay,Cyanocitta stelleri,L2740232,Cabañas y Restaurante Puesta del Sol,2026-03-25 11:24,2.0,16.17298,-96.50542,True,False,False,S313129350,
grcfly,Great Crested Flycatcher,Myiarchus crinitus,L2290463,PN Palenque,2026-03-25 11:09,2.0,17.4862562,-92.0423841,True,False,False,S313071583,
westan,Western Tanager,Piranga ludoviciana,L595298,Lower Arroyo Seco,2026-03-25 11:01,1.0,34.137561,-118.1677651,True,False,False,S313095544,
reevir1,Red-eyed Vireo,Vireo olivaceus,L4993746,Planetario Cha'an Ka'an de Cozumel,2026-03-25 10:59,2.0,20.47668,-86.969191,True,False,False,S313094096,
greroa,Greater Roadrunner,Geococcyx californianus,L28353429,"Carretera Zacatecas-Santa María La Floreña, Pesquería MX-N.L. 25.77014, -100.00838",2026-03-25 10:32,1.0,25.770138,-100.008378,True,False,True,S313177706,
easblu,Eastern Bluebird,Sialia sialis,L7760671,Refugio Terraza de La Tierra,2026-03-25 10:31,5.0,16.1848237,-96.5198665,True,False,False,S313111093,
comyel,Common Yellowthroat,Geothlypis trichas,L1926510,Salt Spring Island--Cusheon Lake,2026-03-25 10:30,1.0,48.8159354,-123.4656429,True,False,False,S313121627,
saypho,Say's Phoebe,Sayornis saya,L61021590,"Guanajuato, MX (21.211, -100.726)",2026-03-25 10:20,1.0,21.2112067,-100.7255833,True,False,True,S313110561,
yebcuc,Yellow-billed Cuckoo,Coccyzus americanus,L1101205,Loxahatchee NWR--Cypress Swamp Boardwalk,2026-03-25 09:53,1.0,26.501396,-80.2114432,True,False,False,S312986387,
whbnut,White-breasted Nuthatch,Sitta carolinensis,L588221,Parque Ejidal San Nicolás Totolapan,2026-03-25 09:50,1.0,19.253533,-99.2466259,True,False,False,S313172168,
redcro,Red Crossbill,Loxia curvirostra,L588221,Parque Ejidal San Nicolás Totolapan,2026-03-25 09:50,1.0,19.253533,-99.2466259,True,False,False,S313172168,
spotow,Spotted Towhee,Pipilo maculatus,L588221,Parque Ejidal San Nicolás Totolapan,2026-03-25 09:50,1.0,19.253533,-99.2466259,True,False,False,S313172168,
pinsis,Pine Siskin,Spinus pinus,L588221,Parque Ejidal San Nicolás Totolapan,2026-03-25 09:50,1.0,19.253533,-99.2466259,True,False,False,S313172168,
burowl,Burrowing Owl,Athene cunicularia,L60899128,Carretera San Rafael - El Uno,2026-03-25 09:32,5.0,25.0158209,-100.6068331,True,False,True,S313071683,
wesmea,Western Meadowlark,Sturnella neglecta,L60899128,Carretera San Rafael - El Uno,2026-03-25 09:32,1.0,25.0158209,-100.6068331,True,False,True,S313071683,
amebit,American Bittern,Botaurus lentiginosus,L298193,Coquitlam—ƛ̓éxətəm (tla-hut-um) Regional Park,2026-03-25 09:06,1.0,49.23429,-122.7996362,True,False,False,S313066588,
herthr,Hermit Thrush,Catharus guttatus,L37814220,Parque El Manzano La Botella,2026-03-25 09:05,5.0,25.3782314,-100.2093061,True,False,False,S313077129,
norbob,Northern Bobwhite,Colinus virginianus,L60948583,"Coahuila de Zaragoza, MX (28.497, -100.592)",2026-03-25 09:01,6.0,28.4971252,-100.5921165,True,False,True,S313143333,
savspa,Savannah Sparrow,Passerculus sandwichensis,L17008444,Los Frailes - La Presa,2026-03-25 08:58,3.0,20.8947232,-100.7790576,True,False,True,S313062012,
grpchi,Greater Prairie-Chicken,Tympanuchus cupido,L260784,Attwater Prairie Chicken NWR (CTC 004),2026-03-25 08:58,1.0,29.671349,-96.2737083,True,False,False,S312993744,
wilsni1,Wilson's Snipe,Gallinago delicata,L17008444,Los Frailes - La Presa,2026-03-25 08:58,1.0,20.8947232,-100.7790576,True,False,True,S313062012,
ribgul,Ring-billed Gull,Larus delawarensis,L17008444,Los Frailes - La Presa,2026-03-25 08:58,3.0,20.8947232,-100.7790576,True,False,True,S313062012,
prowar,Prothonotary Warbler,Protonotaria citrea,L22359118,"Jardín Bepensa, Mérida MX-YUC 20.98239, -89.66494",2026-03-25 08:54,3.0,20.982386,-89.66494,True,False,True,S313115331,
annhum,Anna's Hummingbird,Calypte anna,L30456753,Facultad De Medicina UABC,2026-03-25 08:38,1.0,32.6433652,-115.4742687,True,False,True,S313009180,
grhowl,Great Horned Owl,Bubo virginianus,L37592788,"Ciudad de México, MX (19.149, -99.081)Oyamepulli/Santa Polonia. Milpa Alta CDMX",2026-03-25 08:36,1.0,19.1486572,-99.0810031,True,False,True,S313071454,
clagre,Clark's Grebe,Aechmophorus clarkii,L60972900,"Casa Alverez, Las Pilitas, Jalisco, MX (21.055, -102.643)",2026-03-25 08:30,1.0,21.0546345,-102.6430831,True,False,True,S313010769,
bknsti,Black-necked Stilt,Himantopus mexicanus,L1146986,Frank Lake--NW lookout/blind/outflow,2026-03-25 07:53,5.0,50.5652486,-113.7179804,True,True,False,S313008962,
willet1,Willet,Tringa semipalmata,L8860126,boca de Tomates,2026-03-25 07:50,3.0,20.6707946,-105.2721832,True,False,True,S313020599,
belkin1,Belted Kingfisher,Megaceryle alcyon,L5854506,Jardín Bepensa,2026-03-25 07:48,1.0,20.982678,-89.6653891,True,False,False,S313156666,
whcspa,White-crowned Sparrow,Zonotrichia leucophrys,L59701342,Esterito road watering hole,2026-03-25 07:42,8.0,27.972312,-111.069053,True,False,True,S313046312,
blkter,Black Tern,Chlidonias niger,L338428,Indian Point (CTC 073),2026-03-25 07:40,6.0,27.8525492,-97.3559312,True,False,False,S313077394,
blugrb1,Blue Grosbeak,Passerina caerulea,L198601,Husser,2026-03-25 07:31,1.0,30.67939,-90.33729,True,True,True,S313048748,
horlar,Horned Lark,Eremophila alpestris,L370637,Valle de La Soledad,2026-03-25 07:26,20.0,24.8960325,-100.727967,True,False,False,S313070958,
chiswi,Chimney Swift,Chaetura pelagica,L6751955,Kiekari Bird Observatory (Acceso Restringido),2026-03-25 07:00,4.0,19.3960334,-97.0394491,True,False,True,S313126956,
purmar,Purple Martin,Progne subis,L21602828,Carretera Vigia Chico--Km 1-5,2026-03-25 06:28,4.0,19.6037279,-87.9980011,True,False,False,S313006301,
graspa,Grasshopper Sparrow,Ammodramus savannarum,L3502110,Bosque Urbano Ejército Mexicano,2026-03-24 18:00,1.0,25.4189692,-100.9683761,True,False,False,S312861180,
ameoys,American Oystercatcher,Haematopus palliatus,L39175850,Termoélectrico area,2026-03-24 16:44,4.0,23.192377,-106.357352,True,False,True,S312858662,
treswa,Tree Swallow,Tachycineta bicolor,L1313315,Laguna Columbia-Torre de Observación,2026-03-24 16:08,1.0,20.2809167,-86.9791245,True,False,False,S312867904,
amwpel,American White Pelican,Pelecanus erythrorhynchos,L1144311,CPR Lake (North Side),2026-03-24 14:59,2.0,49.8365985,-112.6003146,True,True,True,S312842324,
fragul,Franklin's Gull,Leucophaeus pipixcan,L420497,Playa Santa Maria Xadani,2026-03-24 13:58,7.0,16.3338951,-95.0168896,True,False,False,S312809204,
robgro,Rose-breasted Grosbeak,Pheucticus ludovicianus,L21248539,"3961 Glen Abby Cir, Stockton US-CA 37.97923, -121.35747",2026-03-24 12:08,1.0,37.979232,-121.357474,True,True,True,S312854726,
pygnut,Pygmy Nuthatch,Sitta pygmaea,L60955133,"Caseta-Tezoncalli, Ciudad de México, MX (19.164, -99.073)",2026-03-24 08:16,2.0,19.1641106,-99.0729723,True,False,True,S312773191,
casspa,Cassin's Sparrow,Peucaea cassinii,L60948583,"Coahuila de Zaragoza, MX (28.497, -100.592)",2026-03-24 08:01,1.0,28.4971252,-100.5921165,True,False,True,S312743036,
easkin,Eastern Kingbird,Tyrannus tyrannus,L60791164,Coyote Golf Course,2026-03-24 07:29,1.0,20.655936,-87.047293,True,False,True,S313100713,
easowl1,Eastern Screech-Owl,Megascops asio,L10972244,Bosque Zuazua--Ruta Puerta de Hierro,2026-03-23 20:56,1.0,25.8974686,-100.1144338,True,False,False,S312597694,
blkvul,Black Vulture,Coragyps atratus,L601562,Burlington--Hendrie Valley,2026-03-23 14:05,1.0,43.2932628,-79.8835015,True,True,False,S312484749,
goleag,Golden Eagle,Aquila chrysaetos,L60899223,"Matehuala - Monterrey (25.042, -100.572)",2026-03-23 12:29,1.0,25.0423452,-100.5723783,True,False,True,S312493654,
rehwoo,Red-headed Woodpecker,Melanerpes erythrocephalus,L35928501,Old Cut Boulevard,2026-03-23 12:17,1.0,42.5872714,-80.4021583,True,False,True,S312448765,
sposan,Spotted Sandpiper,Actitis macularius,L164543,North Vancouver--Maplewood Flats Conservation Area,2026-03-23 09:27,1.0,49.305843,-123.00034,True,False,False,S312499514,
ferhaw,Ferruginous Hawk,Buteo regalis,L370637,Valle de La Soledad,2026-03-23 09:24,1.0,24.8960325,-100.727967,True,False,False,S312493332,
dickci,Dickcissel,Spiza americana,L8362225,Entronque Carretera a Paredón,2026-03-23 08:57,4.0,15.977991,-93.775216,True,False,False,S312416635,
amecro,American Crow,Corvus brachyrhynchos,L23428048,Jacumba Border Pond,2026-03-23 07:53,1.0,32.564575,-116.177107,True,False,False,S312483112,
yebcuc,Yellow-billed Cuckoo,Coccyzus americanus,L2281269,Carretera Libre a Arriaga--Mirador,2026-03-22 15:27,1.0,16.3455105,-93.8678634,True,False,False,S312249386,
atlpuf,Atlantic Puffin,Fratercula arctica,L60853734,"Auto selected 38.59860, -74.33298",2026-03-22 14:52,4.0,38.598602,-74.332979,True,False,True,S312258580,
bcnher,Black-crowned Night Heron,Nycticorax nycticorax,L285222,Ashbridge's Bay Park,2026-03-22 14:02,1.0,43.6599861,-79.3093553,True,False,False,S312131909,
reshaw,Red-shouldered Hawk,Buteo lineatus,L41416167,Parque Ecologico La Aurora,2026-03-22 11:38,1.0,25.4389729,-100.9403658,True,False,False,S312120113,
daejun,Dark-eyed Junco,Junco hyemalis,L445622,"Parque Morelos, Tijuana",2026-03-22 09:26,1.0,32.4995554,-116.9389057,True,False,False,S312188329,
comnig,Common Nighthawk,Chordeiles minor,L3440103,Barceló Maya Palace Deluxe,2026-03-22 06:37,1.0,20.4883713,-87.2462296,True,False,False,S312021599,
mouchi,Mountain Chickadee,Poecile gambeli,L60738375,Sendero Ejido Pino Suárez,2026-03-21 11:21,1.0,32.3616917,-116.08884,True,False,True,S311687651,
cangoo,Canada Goose,Branta canadensis,L5474338,Parque Central Hermanos Escobar,2026-03-21 08:16,1.0,31.6882655,-106.4260679,True,False,False,S311464292,
atlpuf,Atlantic Puffin,Fratercula arctica,L60617391,"Mar 20, 2026 5:01 p.m.
42.076, -65.972",2026-03-20 12:09,1.0,42.0758014,-65.971738,True,True,True,S311096716,
dickci,Dickcissel,Spiza americana,L2594800,Chandler-- av Soldat-Chouinard,2026-03-19 17:00,2.0,48.3472554,-64.6905093,True,True,True,S310780291,
hoomer,Hooded Merganser,Lophodytes cucullatus,L31189317,"Rancho Buenos Aires, 32.34281, -116.85860",2026-03-19 09:38,1.0,32.342814,-116.858599,True,True,True,S310794710,
wiltur,Wild Turkey,Meleagris gallopavo,L370624,PN La Estanzuela,2026-03-19 08:28,1.0,25.5454617,-100.2713585,True,False,False,S310669215,
wooduc,Wood Duck,Aix sponsa,L24130297,Tamaulipas--a través de Santa Margarita Bluffs,2026-03-18 07:35,2.0,26.4787108,-99.0941645,True,False,False,S310828873,
casfin,Cassin's Finch,Haemorhous cassinii,L836005,Hotel Paraiso del Oso,2026-03-17 09:05,1.0,27.31984,-108.03504,True,False,False,S310699880,
commer,Common Merganser,Mergus merganser,L2392629,Marina de Miramar,2026-03-16 18:33,6.0,27.9304553,-110.9479666,True,False,False,S309913755,
forter,Forster's Tern,Sterna forsteri,L3164665,Kincardine Harbour and adjacent Lake Huron,2026-03-16 15:47,1.0,44.1778336,-81.6433096,True,True,False,S309849861,
comnig,Common Nighthawk,Chordeiles minor,L405338,Frog Pond WMA--Lucky Hammock,2026-03-15 08:32,1.0,25.396439,-80.566581,True,True,False,S309547849,
sancra,Sandhill Crane,Antigone canadensis,L56427628,"Avenida Favela, Colonia Anáhuac MX-Chih. (28.4883,-106.7371)",2026-03-14 08:47,4.0,28.488256,-106.737128,True,False,True,S309540548,
boboli,Bobolink,Dolichonyx oryzivorus,L127408,Loxahatchee NWR,2026-03-14 08:37,1.0,26.4986442,-80.2246141,True,True,False,S309213889,
purmar,Purple Martin,Progne subis,L2485697,Colchester--Harbour,2026-03-11,1.0,41.9834494,-82.9332939,True,True,False,S309228806,
baleag,Bald Eagle,Haliaeetus leucocephalus,L41101330,Pelican Point (Sand spit in Southern Bahia Magdalena),2026-03-09 09:26,1.0,24.3823087,-111.6881184,True,True,True,S307701570,
calcon,California Condor,Gymnogyps californianus,L623752,PN Sierra de San Pedro Mártir--Recepcion,2026-03-06 09:30,20.0,31.0003268,-115.5570585,True,True,False,S306579165,
miskit,Mississippi Kite,Ictinia mississippiensis,L265772,Miraflores (pueblo),2026-03-06 07:34,2.0,23.3681419,-109.7737248,True,True,False,S306621765,
moublu,Mountain Bluebird,Sialia currucoides,L54671086,Acceso a Laguna Hanson,2026-03-02 08:37,5.0,32.434905,-116.021135,True,False,True,S305481115,
balori,Baltimore Oriole,Icterus galbula,L2454269,Town of Yarmouth,2026-03-01 11:15,1.0,43.8315734,-66.1149931,True,False,False,S305012734,
chclon,Chestnut-collared Longspur,Calcarius ornatus,L59360008,Ejido Zaragoza,2026-03-01 07:09,59.0,31.102669,-110.118794,True,False,True,S305191335,
